chassi,pps,val_pdi,percentil_atacado
LC0C76C49T0013172,"175.990,00",700,"0,02"
LC0C76C48T0013132,"175.990,00",700,"0,02"
LC0C76C47T0014420,"175.990,00",700,"0,02"
LC0C76C4XT0013116,"175.990,00",700,"0,02"
LC0C76C41T0013103,"175.990,00",700,"0,02"
LC0C76C44T0013077,"175.990,00",700,"0,02"
LC0C76C41T0013084,"175.990,00",700,"0,02"
LC0C76C4XT0013102,"175.990,00",700,"0,02"
LC0C76C49T0014287,"175.990,00",700,"0,02"
LC0C76C41T0013098,"175.990,00",700,"0,02"
LC0C76C43T0013099,"175.990,00",700,"0,02"
LC0C76C43T0013152,"175.990,00",700,"0,02"
LC0C76C49T0014323,"175.990,00",700,"0,02"
LC0C76C44T0013192,"175.990,00",700,"0,02"
LC0C76C44T0013094,"175.990,00",700,"0,02"
LC0C76C4XT0013052,"175.990,00",700,"0,02"
LC0C76C4XT0014430,"175.990,00",700,"0,02"
LC0C76C43T0013149,"175.990,00",700,"0,02"
LC0C76C43T0013071,"175.990,00",700,"0,02"
LC0C76C48T0013096,"175.990,00",700,"0,02"
LC0C76C48T0013115,"175.990,00",700,"0,02"
LC0C76C49T0013107,"175.990,00",700,"0,02"
LC0C76C40T0013125,"175.990,00",700,"0,02"
LC0C76C40T0014436,"175.990,00",700,"0,02"
LC0C76C49T0014418,"175.990,00",700,"0,02"
LC0C76C47T0014417,"175.990,00",700,"0,02"
LC0C76C44T0013189,"175.990,00",700,"0,02"
LC0C76C49T0013169,"175.990,00",700,"0,02"
LC0C76C41T0013196,"175.990,00",700,"0,02"
LC0C76C49T0013088,"175.990,00",700,"0,02"
LC0C76C43T0014401,"175.990,00",700,"0,02"
LC0C76C43T0013104,"175.990,00",700,"0,02"
LC0C76C44T0013144,"175.990,00",700,"0,02"
LC0C76C4XT0013049,"175.990,00",700,"0,02"
LC0C76C48T0014345,"175.990,00",700,"0,02"
LC0C76C4XT0013195,"175.990,00",700,"0,02"
LC0C76C48T0013082,"175.990,00",700,"0,02"
LC0C76C49T0013091,"175.990,00",700,"0,02"
LC0C76C40T0013108,"175.990,00",700,"0,02"
LC0C76C41T0011786,"175.990,00",700,"0,02"
LC0C76C44T0013158,"175.990,00",700,"0,02"
LC0C76C43T0014432,"175.990,00",700,"0,02"
LC0C76C43T0014267,"175.990,00",700,"0,02"
LC0C76C49T0014452,"175.990,00",700,"0,02"
LC0C76C4XT0013181,"175.990,00",700,"0,02"
LC0C76C48T0013129,"175.990,00",700,"0,02"
LC0C76C48T0013065,"175.990,00",700,"0,02"
LC0C76C40T0013111,"175.990,00",700,"0,02"
LGXCF6CD1S2005540,"249.990,00",700,"0,02"
LGXCF6CD1S2005408,"249.990,00",700,"0,02"
LGXCF6CD5S2005654,"249.990,00",700,"0,02"
LGXCF6CD1S2005506,"249.990,00",700,"0,02"
LGXCF6CD2S2005644,"249.990,00",700,"0,02"
LGXCF6CD2S2005417,"249.990,00",700,"0,02"
LGXCF6CD2S2005482,"249.990,00",700,"0,02"
LGXCF6CD0S2005450,"249.990,00",700,"0,02"
LGXCF6CD2S2005451,"249.990,00",700,"0,02"
LGXCF6CD1S2004601,"249.990,00",700,"0,02"
LGXCF6CD1S2004632,"249.990,00",700,"0,02"
LGXCF6CD5S2005637,"249.990,00",700,"0,02"
LGXCF6CDXS2005665,"249.990,00",700,"0,02"
LGXCF6CD9S2005561,"249.990,00",700,"0,02"
LGXC74C48T0051980,"249.990,00",700,"0,02"
LGXC74C47T0051999,"249.990,00",700,"0,02"
LGXC74C41T0042294,"249.990,00",700,"0,02"
LGXC74C40T0042271,"249.990,00",700,"0,02"
LGXC74C4XT0042262,"249.990,00",700,"0,02"
LGXC74C43T0042295,"249.990,00",700,"0,02"
LGXC74C49T0030443,"249.990,00",700,"0,02"
LGXC74C49T0055004,"249.990,00",700,"0,02"
LGXC74C42T0054972,"249.990,00",700,"0,02"
LGXC74C49T0052264,"249.990,00",700,"0,02"
LGXC74C47T0052277,"249.990,00",700,"0,02"
LGXC74C46T0052254,"249.990,00",700,"0,02"
LGXC74C43T0056682,"249.990,00",700,"0,02"
LGXC74C43T0056701,"249.990,00",700,"0,02"
LGXC74C43T0056746,"249.990,00",700,"0,02"
LGXC74C42T0056737,"249.990,00",700,"0,02"
LGXC74C43T0056679,"249.990,00",700,"0,02"
LGXC74C43T0056665,"249.990,00",700,"0,02"
LGXC74C43T0055029,"249.990,00",700,"0,02"
LGXC74C43T0055046,"249.990,00",700,"0,02"
LGXC74C49T0048439,"249.990,00",700,"0,02"
LGXC74C49T0050675,"249.990,00",700,"0,02"
LGXC74C48T0050716,"249.990,00",700,"0,02"
LGXC74C42T0051974,"249.990,00",700,"0,02"
LGXC74C4XT0053066,"249.990,00",700,"0,02"
LGXC74C42T0050680,"249.990,00",700,"0,02"
LGXC74C43T0053121,"249.990,00",700,"0,02"
LGXC74C47T0048343,"249.990,00",700,"0,02"
LGXC74C47T0042266,"249.990,00",700,"0,02"
LGXC74C42T0048041,"249.990,00",700,"0,02"
LGXC74C44T0048090,"249.990,00",700,"0,02"
LGXC74C44T0050700,"249.990,00",700,"0,02"
LGXC74C49T0053110,"249.990,00",700,"0,02"
LGXC74C47T0053056,"249.990,00",700,"0,02"
LGXC74C48T0050702,"249.990,00",700,"0,02"
LGXC74C47T0048357,"249.990,00",700,"0,02"
LGXC74C4XT0053052,"249.990,00",700,"0,02"
LGXC74C42T0050713,"249.990,00",700,"0,02"
LGXC74C46T0048883,"249.990,00",700,"0,02"
LGXC74C43T0048890,"249.990,00",700,"0,02"
LGXC74C44T0050695,"249.990,00",700,"0,02"
LGXC74C44T0054245,"249.990,00",700,"0,02"
LGXC74C43T0053166,"249.990,00",700,"0,02"
LGXC74C45T0044632,"249.990,00",700,"0,02"
LGXC74C42T0045575,"249.990,00",700,"0,02"
LGXC74C42T0047455,"249.990,00",700,"0,02"
LGXC74C49T0048098,"249.990,00",700,"0,02"
LGXC74C45T0055081,"249.990,00",700,"0,02"
LGXC74C45T0050401,"249.990,00",700,"0,02"
LGXC74C45T0052195,"249.990,00",700,"0,02"
LGXC74C46T0054229,"249.990,00",700,"0,02"
LGXC74C49T0044200,"249.990,00",700,"0,02"
LGXC74C46T0050374,"249.990,00",700,"0,02"
LGXC74C40T0048071,"249.990,00",700,"0,02"
LGXC74C41T0048032,"249.990,00",700,"0,02"
LGXC74C44T0052172,"249.990,00",700,"0,02"
LGXC74C4XT0059028,"249.990,00",700,"0,02"
LGXC74C47T0044583,"249.990,00",700,"0,02"
LGXC74C42T0059007,"249.990,00",700,"0,02"
LGXC74C4XT0044206,"249.990,00",700,"0,02"
LGXC74C49T0059053,"249.990,00",700,"0,02"
LGXC74C49T0044214,"249.990,00",700,"0,02"
LGXC74C49T0059103,"249.990,00",700,"0,02"
LGXC74C48T0044205,"249.990,00",700,"0,02"
LGXC74C41T0050458,"249.990,00",700,"0,02"
LGXC74C46T0049726,"249.990,00",700,"0,02"
LGXC74C42T0043552,"249.990,00",700,"0,02"
LGXC74C46T0043554,"249.990,00",700,"0,02"
LGXC74C46T0035518,"249.990,00",700,"0,02"
LGXC74C42T0059038,"249.990,00",700,"0,02"
LGXC74C49T0059036,"249.990,00",700,"0,02"
LGXC74C46T0052173,"249.990,00",700,"0,02"
LGXC74C44T0050518,"249.990,00",700,"0,02"
LGXC74C43T0054947,"249.990,00",700,"0,02"
LGXC74C44T0052107,"249.990,00",700,"0,02"
LGXC74C4XT0050457,"249.990,00",700,"0,02"
LGXC74C4XT0054220,"249.990,00",700,"0,02"
LGXC74C4XT0055058,"249.990,00",700,"0,02"
LGXC74C42T0052154,"249.990,00",700,"0,02"
LGXC74C42T0052221,"249.990,00",700,"0,02"
LGXC74C41T0054963,"249.990,00",700,"0,02"
LGXC74C42T0050419,"249.990,00",700,"0,02"
LGXC74C43T0052163,"249.990,00",700,"0,02"
LGXC74C42T0053353,"249.990,00",700,"0,02"
LGXC74C41T0052176,"249.990,00",700,"0,02"
LGXC74C42T0054132,"249.990,00",700,"0,02"
LGXC74C43T0050378,"249.990,00",700,"0,02"
LGXC74C41T0052212,"249.990,00",700,"0,02"
LGXC74C42T0054227,"249.990,00",700,"0,02"
LGXC74C43T0050400,"249.990,00",700,"0,02"
LGXC74C44T0050597,"249.990,00",700,"0,02"
LGXC74C45T0050592,"249.990,00",700,"0,02"
LGXC74C46T0054151,"249.990,00",700,"0,02"
LGXC74C44T0052110,"249.990,00",700,"0,02"
LGXC74C46T0052187,"249.990,00",700,"0,02"
LGXC74C43T0054964,"249.990,00",700,"0,02"
LGXC74C4XT0053116,"249.990,00",700,"0,02"
LGXC74C42T0051991,"249.990,00",700,"0,02"
LGXC74C42T0050663,"249.990,00",700,"0,02"
LGXC74C41T0052016,"249.990,00",700,"0,02"
LGXC74C45T0051998,"249.990,00",700,"0,02"
LGXC74C44T0048042,"249.990,00",700,"0,02"
LGXC74C42T0052171,"249.990,00",700,"0,02"
LGXC74C4XT0055075,"249.990,00",700,"0,02"
LGXC74C4XT0054329,"249.990,00",700,"0,02"
LGXC74C43T0052180,"249.990,00",700,"0,02"
LGXC74C41T0054185,"249.990,00",700,"0,02"
LGXC74C43T0050476,"249.990,00",700,"0,02"
LGXC74C42T0050436,"249.990,00",700,"0,02"
LGXC74C41T0055076,"249.990,00",700,"0,02"
LC0CE4CB6T0000551,"235.990,00",700,"0,02"
LC0CE4CB5T0000833,"235.990,00",700,"0,02"
LC0CE4CB5T0000816,"235.990,00",700,"0,02"
LC0CE4CBXT0000018,"235.990,00",700,"0,02"
LC0CE4CB6T0000307,"235.990,00",700,"0,02"
LGXCF6CDXS2004810,"249.990,00",700,"0,02"
LGXCF6CD1S2003545,"249.990,00",700,"0,02"
LGXCF6CDXS2004144,"249.990,00",700,"0,02"
LGXCF6CD9S2004068,"249.990,00",700,"0,02"
LGXCF6CD3S2003949,"249.990,00",700,"0,02"
LGXCF6CD1S2002976,"249.990,00",700,"0,02"
LGXCF6CD9S2001798,"249.990,00",700,"0,02"
LGXCF6CD4S2004270,"249.990,00",700,"0,02"
LGXCF6CD8S2002599,"249.990,00",700,"0,02"
LGXCF6CD8S2002960,"249.990,00",700,"0,02"
LGXCF6CD3S2004664,"249.990,00",700,"0,02"
LGXCF6CD4S2002602,"249.990,00",700,"0,02"
LGXCF6CD5S2002964,"249.990,00",700,"0,02"
LGXCF6CD9S2004829,"249.990,00",700,"0,02"
LGXCF6CD6S2001547,"249.990,00",700,"0,02"
LGXCF6CD0S2004699,"249.990,00",700,"0,02"
LGXCF6CD4S2002082,"249.990,00",700,"0,02"
LGXCF6CD9S2004135,"249.990,00",700,"0,02"
LGXCF6CDXS2002491,"249.990,00",700,"0,02"
LGXCF6CD4S2004124,"249.990,00",700,"0,02"
LGXCF6CD8S2004272,"249.990,00",700,"0,02"
LGXCF6CD0S2004802,"249.990,00",700,"0,02"
LGXCF6CD4S2004639,"249.990,00",700,"0,02"
LGXCF6CD5S2002527,"249.990,00",700,"0,02"
LGXCF6CD4S2004799,"249.990,00",700,"0,02"
LGXCF6CD9S2004734,"249.990,00",700,"0,02"
LGXCF6CDXS2004693,"249.990,00",700,"0,02"
LGXCF6CD8S2004711,"249.990,00",700,"0,02"
LGXCF6CD8S2003655,"249.990,00",700,"0,02"
LGXCF6CD9S2001767,"249.990,00",700,"0,02"
LGXCF6CDXS2002510,"249.990,00",700,"0,02"
LGXCF6CD3S2002963,"249.990,00",700,"0,02"
LGXCF6CD8S2004594,"249.990,00",700,"0,02"
LGXCF6CD6S2004125,"249.990,00",700,"0,02"
LGXCF6CD3S2004194,"249.990,00",700,"0,02"
LGXCD4C49T0043301,"299.800,00",700,"0,02"
LGXCD4C4XT0036180,"299.800,00",700,"0,02"
LGXCD4C49T0041998,"299.800,00",700,"0,02"
LGXCD4C49T0041323,"299.800,00",700,"0,02"
LGXCD4C4XT0036289,"299.800,00",700,"0,02"
LGXCD4C48T0036338,"299.800,00",700,"0,02"
LGXCD4C46T0037472,"299.800,00",700,"0,02"
LGXCD4C45T0042985,"299.800,00",700,"0,02"
LGXCD4C45T0042968,"299.800,00",700,"0,02"
LGXCD4C4XT0038978,"299.800,00",700,"0,02"
LGXCD4C4XT0038642,"299.800,00",700,"0,02"
LGXCD4C4XT0038768,"299.800,00",700,"0,02"
LGXCD4C4XT0036437,"299.800,00",700,"0,02"
LGXCD4C4XT0036454,"299.800,00",700,"0,02"
LGXCD4C4XT0036373,"299.800,00",700,"0,02"
LGXCD4C4XT0036261,"299.800,00",700,"0,02"
LGXCD4C4XT0036244,"299.800,00",700,"0,02"
LGXCD4C4XT0036227,"299.800,00",700,"0,02"
LGXCD4C45T0055574,"299.800,00",700,"0,02"
LGXCD4C41T0044314,"299.800,00",700,"0,02"
LGXCD4C4XT0039015,"299.800,00",700,"0,02"
LGXCD4C4XT0038706,"299.800,00",700,"0,02"
LGXCD4C4XT0038656,"299.800,00",700,"0,02"
LGXCD4C4XT0038639,"299.800,00",700,"0,02"
LGXCD4C4XT0036387,"299.800,00",700,"0,02"
LGXCD4C4XT0036440,"299.800,00",700,"0,02"
LGXCD4C45T0042033,"299.800,00",700,"0,02"
LGXCD4C4XT0043128,"299.800,00",700,"0,02"
LGXCD4C48T0044536,"299.800,00",700,"0,02"
LGXCD4C4XT0037491,"299.800,00",700,"0,02"
LGXCD4C4XT0036471,"299.800,00",700,"0,02"
LGXCD4C46T0036368,"299.800,00",700,"0,02"
LGXCD4C49T0056159,"299.800,00",700,"0,02"
LGXCD4C49T0055559,"299.800,00",700,"0,02"
LGXCD4C49T0043122,"299.800,00",700,"0,02"
LGXCD4C4XT0038690,"299.800,00",700,"0,02"
LGXCD4C4XT0040276,"299.800,00",700,"0,02"
LGXCD4C4XT0055683,"299.800,00",700,"0,02"
LGXCD4C4XT0055635,"299.800,00",700,"0,02"
LGXCD4C45T0037494,"299.800,00",700,"0,02"
LGXCD4C49T0042035,"299.800,00",700,"0,02"
LGXCD4C4XT0036616,"299.800,00",700,"0,02"
LGXCD4C49T0042021,"299.800,00",700,"0,02"
LGXCD4C49T0040320,"299.800,00",700,"0,02"
LGXCD4C4XT0037474,"299.800,00",700,"0,02"
LGXCD4C4XT0042013,"299.800,00",700,"0,02"
LGXCD4C4XT0042044,"299.800,00",700,"0,02"
LGXCD4C4XT0038687,"299.800,00",700,"0,02"
LGXCD4C48T0039000,"299.800,00",700,"0,02"
LGXCD4C4XT0037457,"299.800,00",700,"0,02"
LGXCD4C4XT0036292,"299.800,00",700,"0,02"
LGXCD4C4XT0038933,"299.800,00",700,"0,02"
LGXCD4C47T0041319,"299.800,00",700,"0,02"
LGXCD4C4XT0036177,"299.800,00",700,"0,02"
LGXCD4C4XT0036163,"299.800,00",700,"0,02"
LGXCD4C47T0040316,"299.800,00",700,"0,02"
LGXCD4C4XT0038673,"299.800,00",700,"0,02"
LGXCD4C45T0040332,"299.800,00",700,"0,02"
LGXCD4C45T0041304,"299.800,00",700,"0,02"
LGXCD4C45T0037415,"299.800,00",700,"0,02"
LGXCD4C46T0037410,"299.800,00",700,"0,02"
LGXCD4C4XT0036485,"299.800,00",700,"0,02"
LGXCD4C45T0036166,"299.800,00",700,"0,02"
LGXCD4C4XT0037460,"299.800,00",700,"0,02"
LGXCD4C46T0036144,"299.800,00",700,"0,02"
LGXCD4C4XT0043405,"299.800,00",700,"0,02"
LGXCD4C46T0036273,"299.800,00",700,"0,02"
LGXCD4C4XT0039001,"299.800,00",700,"0,02"
LGXCD4C4XT0036356,"299.800,00",700,"0,02"
LGXCD4C47T0038615,"299.800,00",700,"0,02"
LGXCD4C47T0039067,"299.800,00",700,"0,02"
LGXCD4C45T0039066,"299.800,00",700,"0,02"
LGXCD4C45T0039049,"299.800,00",700,"0,02"
LGXCD4C48T0055214,"299.800,00",700,"0,02"
LGXCD4C45T0041268,"299.800,00",700,"0,02"
LGXCD4C45T0055560,"299.800,00",700,"0,02"
LGXCD4C49T0056162,"299.800,00",700,"0,02"
LGXCD4C45T0038581,"299.800,00",700,"0,02"
LGXCD4C45T0038600,"299.800,00",700,"0,02"
LGXCD4C41T0044524,"299.800,00",700,"0,02"
LGXCD4C47T0044558,"299.800,00",700,"0,02"
LGXCD4C48T0054452,"299.800,00",700,"0,02"
LGXCD4C48T0054449,"299.800,00",700,"0,02"
LGXCD4C47T0055639,"299.800,00",700,"0,02"
LGXCD4C4XT0055666,"299.800,00",700,"0,02"
LGXCD4C4XT0036275,"299.800,00",700,"0,02"
LGXCD4C47T0041241,"299.800,00",700,"0,02"
LGXCD4C4XT0036776,"299.800,00",700,"0,02"
LGXCD4C46T0037343,"299.800,00",700,"0,02"
LGXCD4C49T0055495,"299.800,00",700,"0,02"
LGXCD4C45T0055543,"299.800,00",700,"0,02"
LGXCD4C45T0040315,"299.800,00",700,"0,02"
LGXCD4C45T0041318,"299.800,00",700,"0,02"
LGXCD4C43T0044301,"299.800,00",700,"0,02"
LGXCD4C49T0041306,"299.800,00",700,"0,02"
LGXCD4C49T0042018,"299.800,00",700,"0,02"
LGXCD4C45T0055929,"299.800,00",700,"0,02"
LGXCD4C45T0036765,"299.800,00",700,"0,02"
LGXCD4C41T0050971,"299.800,00",700,"0,02"
LGXCD4C49T0042004,"299.800,00",700,"0,02"
LGXCD4C47T0039036,"299.800,00",700,"0,02"
LGXCD4C45T0055588,"299.800,00",700,"0,02"
LGXCD4C45T0041240,"299.800,00",700,"0,02"
LGXCD4C47T0038596,"299.800,00",700,"0,02"
LGXCD4C45T0039052,"299.800,00",700,"0,02"
LGXCD4C45T0036409,"299.800,00",700,"0,02"
LGXCD4C45T0038578,"299.800,00",700,"0,02"
LGXCD4C44T0055324,"299.800,00",700,"0,02"
LGXCD4C43T0044296,"299.800,00",700,"0,02"
LGXCD4C48T0055195,"299.800,00",700,"0,02"
LGXCD4C47T0056967,"299.800,00",700,"0,02"
LGXCD4C47T0039070,"299.800,00",700,"0,02"
LGXCD4C47T0056936,"299.800,00",700,"0,02"
LGXCD4C47T0055673,"299.800,00",700,"0,02"
LGXCD4C47T0055964,"299.800,00",700,"0,02"
LGXCD4C45T0038595,"299.800,00",700,"0,02"
LGXCD4C47T0055981,"299.800,00",700,"0,02"
LGXCD4C47T0056189,"299.800,00",700,"0,02"
LGXCD4C4XT0055330,"299.800,00",700,"0,02"
LGXCD4C4XT0055652,"299.800,00",700,"0,02"
LGXCD4C4XT0055327,"299.800,00",700,"0,02"
LGXCD4C49T0055612,"299.800,00",700,"0,02"
LGXCD4C49T0055545,"299.800,00",700,"0,02"
LGXCD4C48T0055276,"299.800,00",700,"0,02"
LGXCD4C47T0056970,"299.800,00",700,"0,02"
LGXCD4C47T0055656,"299.800,00",700,"0,02"
LGXCD4C4XT0037488,"299.800,00",700,"0,02"
LGXCD4C4XT0036311,"299.800,00",700,"0,02"
LGXCD4C46T0036340,"299.800,00",700,"0,02"
LGXCD4C4XT0055943,"299.800,00",700,"0,02"
LGXCD4C4XT0036258,"299.800,00",700,"0,02"
LGXCD4C4XT0036230,"299.800,00",700,"0,02"
LGXCD4C49T0043315,"299.800,00",700,"0,02"
LGXCD4C45T0041271,"299.800,00",700,"0,02"
LGXCD4C49T0055562,"299.800,00",700,"0,02"
LGXCD4C46T0036208,"299.800,00",700,"0,02"
LGXCD4C47T0041286,"299.800,00",700,"0,02"
LGXCD4C48T0036355,"299.800,00",700,"0,02"
LGXCD4C47T0041143,"299.800,00",700,"0,02"
LGXCD4C47T0041322,"299.800,00",700,"0,02"
LGXCD4C47T0041949,"299.800,00",700,"0,02"
LGXCD4C46T0036189,"299.800,00",700,"0,02"
LGXCD4C47T0040297,"299.800,00",700,"0,02"
LGXCD4C45T0041299,"299.800,00",700,"0,02"
LGXCD4C45T0040203,"299.800,00",700,"0,02"
LGXCD4C45T0041321,"299.800,00",700,"0,02"
LGXCD4C45T0042002,"299.800,00",700,"0,02"
LGXCD4C4XT0038950,"299.800,00",700,"0,02"
LGXCD4C4XT0043310,"299.800,00",700,"0,02"
LGXCD4C45T0041285,"299.800,00",700,"0,02"
LGXCD4C45T0040329,"299.800,00",700,"0,02"
LGXCD4C4XT0043095,"299.800,00",700,"0,02"
LGXCD4C4XT0036213,"299.800,00",700,"0,02"
LGXCD4C4XT0040245,"299.800,00",700,"0,02"
LGXCD4C4XT0038981,"299.800,00",700,"0,02"
LGXCD4C49T0042049,"299.800,00",700,"0,02"
LGXCD4C4XT0038754,"299.800,00",700,"0,02"
LGXCD4C47T0040168,"299.800,00",700,"0,02"
LGXCD4C49T0040303,"299.800,00",700,"0,02"
LGXCD4C45T0043022,"299.800,00",700,"0,02"
LGXC74C47T0017013,"249.990,00",700,"0,02"
LGXC74C4XT0016986,"249.990,00",700,"0,02"
LC0C74C45T5022569,"199.990,00",700,"0,02"
LC0C74C47T5021455,"199.990,00",700,"0,02"
LC0C74C46T5021754,"199.990,00",700,"0,02"
LC0C74C48T5019679,"199.990,00",700,"0,02"
LC0C74C48T5021741,"199.990,00",700,"0,02"
LC0C74C45T5021535,"199.990,00",700,"0,02"
LC0C74C45T5022152,"199.990,00",700,"0,02"
LC0C74C45T5023348,"199.990,00",700,"0,02"
LC0C74C46T5020846,"199.990,00",700,"0,02"
LC0C74C4XT5005637,"199.990,00",700,"0,02"
LC0C74C45T5002631,"199.990,00",700,"0,02"
LC0C74C43T5002062,"199.990,00",700,"0,02"
LC0C74C43T5004085,"199.990,00",700,"0,02"
LC0C74C43T5002742,"199.990,00",700,"0,02"
LC0C74C48T5021982,"199.990,00",700,"0,02"
LC0C74C43T5000814,"199.990,00",700,"0,02"
LC0C74C48T5021528,"199.990,00",700,"0,02"
LC0C74C43T5023137,"199.990,00",700,"0,02"
LC0C74C43T5022148,"199.990,00",700,"0,02"
LC0C74C43T5021517,"199.990,00",700,"0,02"
LC0C74C43T5004183,"199.990,00",700,"0,02"
LC0C74C43T5002935,"199.990,00",700,"0,02"
LC0C74C46T5023102,"199.990,00",700,"0,02"
LC0C74C47T5022136,"199.990,00",700,"0,02"
LC0C74C45T5020823,"199.990,00",700,"0,02"
LC0C74C45T5021857,"199.990,00",700,"0,02"
LC0C74C44T5023096,"199.990,00",700,"0,02"
LC0C74C44T5022014,"199.990,00",700,"0,02"
LC0C74C44T5021543,"199.990,00",700,"0,02"
LC0C74C44T5021445,"199.990,00",700,"0,02"
LC0C74C43T5023591,"199.990,00",700,"0,02"
LC0C74C48T5021416,"199.990,00",700,"0,02"
LC0C74C45T5022149,"199.990,00",700,"0,02"
LC0C74C45T5021700,"199.990,00",700,"0,02"
LC0C74C47T5023335,"199.990,00",700,"0,02"
LC0C74C48T5022016,"199.990,00",700,"0,02"
LC0C74C48T5021979,"199.990,00",700,"0,02"
LC0C74C48T5019956,"199.990,00",700,"0,02"
LC0C74C45T5023446,"199.990,00",700,"0,02"
LC0C74C43T5021758,"199.990,00",700,"0,02"
LC0C74C43T5022585,"199.990,00",700,"0,02"
LC0C74C42T5021895,"199.990,00",700,"0,02"
LC0C74C47T5022735,"199.990,00",700,"0,02"
LC0C74C48T5019648,"199.990,00",700,"0,02"
LC0C74C43T5020836,"199.990,00",700,"0,02"
LC0C74C48T5021884,"199.990,00",700,"0,02"
LC0C74C46T5023066,"199.990,00",700,"0,02"
LC0C74C47T5021438,"199.990,00",700,"0,02"
LC0C74C47T5022914,"199.990,00",700,"0,02"
LC0C74C45T5021731,"199.990,00",700,"0,02"
LC0C74C48T5021657,"199.990,00",700,"0,02"
LC0C74C45T5023334,"199.990,00",700,"0,02"
LC0C74C46T5022581,"199.990,00",700,"0,02"
LC0C74C45T5021339,"199.990,00",700,"0,02"
LC0C74C46T5021737,"199.990,00",700,"0,02"
LC0C74C45T5021938,"199.990,00",700,"0,02"
LC0C74C42T5022142,"199.990,00",700,"0,02"
LC0C74C47T5023531,"199.990,00",700,"0,02"
LC0C74C47T5019866,"199.990,00",700,"0,02"
LC0C74C46T5021995,"199.990,00",700,"0,02"
LC0C74C46T5021141,"199.990,00",700,"0,02"
LC0C74C45T5022667,"199.990,00",700,"0,02"
LC0C74C47T5023030,"199.990,00",700,"0,02"
LC0C74C42T5021721,"199.990,00",700,"0,02"
LC0C74C48T5021643,"199.990,00",700,"0,02"
LC0C74C47T5023447,"199.990,00",700,"0,02"
LC0C74C47T5023271,"199.990,00",700,"0,02"
LC0C74C46T5021723,"199.990,00",700,"0,02"
LC0C74C46T5023276,"199.990,00",700,"0,02"
LC0C74C47T5021357,"199.990,00",700,"0,02"
LC0C74C46T5022564,"199.990,00",700,"0,02"
LC0C74C43T5021162,"199.990,00",700,"0,02"
LC0C74C4XT5026066,"199.990,00",700,"0,02"
LC0C74C4XT5005606,"199.990,00",700,"0,02"
LC0C74C42T5022934,"199.990,00",700,"0,02"
LC0C74C4XT5026116,"199.990,00",700,"0,02"
LC0C74C4XT5001085,"199.990,00",700,"0,02"
LC0C74C43T5004099,"199.990,00",700,"0,02"
LC0C74C46T5001343,"199.990,00",700,"0,02"
LC0C74C48T5021514,"199.990,00",700,"0,02"
LC0C74C46T5020801,"199.990,00",700,"0,02"
LC0C74C47T5021052,"199.990,00",700,"0,02"
LC0C74C45T5022345,"199.990,00",700,"0,02"
LC0C74C48T5021755,"199.990,00",700,"0,02"
LC0C74C46T5021124,"199.990,00",700,"0,02"
LC0C74C45T5023544,"199.990,00",700,"0,02"
LC0C74C45T5022586,"199.990,00",700,"0,02"
LC0C74C46T5021110,"199.990,00",700,"0,02"
LC0C74C42T5021153,"199.990,00",700,"0,02"
LGXC74C46T0020517,"249.990,00",700,"0,02"
LGXC74C46T0018914,"249.990,00",700,"0,02"
LGXC74C43T0020538,"249.990,00",700,"0,02"
LGXC74C41T0018643,"249.990,00",700,"0,02"
LGXC74C42T0020496,"249.990,00",700,"0,02"
LGXC74C40T0020495,"249.990,00",700,"0,02"
LGXC74C42T0018943,"249.990,00",700,"0,02"
LGXC74C42T0018649,"249.990,00",700,"0,02"
LGXC74C41T0020506,"249.990,00",700,"0,02"
LGXC74C46T0017701,"249.990,00",700,"0,02"
LGXC74C49T0017689,"249.990,00",700,"0,02"
LGXC74C49T0016557,"249.990,00",700,"0,02"
LGXC74C49T0020527,"249.990,00",700,"0,02"
LGXC74C49T0018664,"249.990,00",700,"0,02"
LGXC74C43T0018921,"249.990,00",700,"0,02"
LGXC74C49T0018681,"249.990,00",700,"0,02"
LGXC74C43T0018885,"249.990,00",700,"0,02"
LGXC74C49T0018874,"249.990,00",700,"0,02"
LGXC74C43T0018871,"249.990,00",700,"0,02"
LGXC74C43T0018644,"249.990,00",700,"0,02"
LGXC74C43T0016554,"249.990,00",700,"0,02"
LGXC74C43T0020488,"249.990,00",700,"0,02"
LGXC74C44T0017731,"249.990,00",700,"0,02"
LGXC74C43T0020510,"249.990,00",700,"0,02"
LGXC74C40T0047440,"249.990,00",700,"0,02"
LGXC74C47T0017710,"249.990,00",700,"0,02"
LGXC74C47T0017738,"249.990,00",700,"0,02"
LGXC74C47T0018906,"249.990,00",700,"0,02"
LGXC74C47T0018937,"249.990,00",700,"0,02"
LGXC74C47T0018808,"249.990,00",700,"0,02"
LGXC74C47T0018887,"249.990,00",700,"0,02"
LGXC74C40T0018875,"249.990,00",700,"0,02"
LGXC74C4XT0017653,"249.990,00",700,"0,02"
LGXC74C4XT0018883,"249.990,00",700,"0,02"
LGXC74C4XT0020469,"249.990,00",700,"0,02"
LGXC74C49T0017711,"249.990,00",700,"0,02"
LGXC74C4XT0020472,"249.990,00",700,"0,02"
LC0C74C49T5021053,"199.990,00",700,"0,02"
LC0C74C44T5022319,"199.990,00",700,"0,02"
LC0C74C42T5021105,"199.990,00",700,"0,02"
LC0C74C47T5022699,"199.990,00",700,"0,02"
LC0C74C42T5022657,"199.990,00",700,"0,02"
LC0C74C47T5022086,"199.990,00",700,"0,02"
LC0C74C47T5021844,"199.990,00",700,"0,02"
LC0C74C47T5022993,"199.990,00",700,"0,02"
LC0C74C47T5021892,"199.990,00",700,"0,02"
LC0C74C42T5022108,"199.990,00",700,"0,02"
LC0C74C47T5022329,"199.990,00",700,"0,02"
LC0C74C48T5021061,"199.990,00",700,"0,02"
LC0C74C48T5022307,"199.990,00",700,"0,02"
LC0C74C47T5021259,"199.990,00",700,"0,02"
LC0C74C49T5022350,"199.990,00",700,"0,02"
LC0C74C49T5020503,"199.990,00",700,"0,02"
LC0C74C49T5021084,"199.990,00",700,"0,02"
LC0C74C41T5021175,"199.990,00",700,"0,02"
LC0C74C41T5020480,"199.990,00",700,"0,02"
LC0C74C47T5020905,"199.990,00",700,"0,02"
LC0C74C43T5021114,"199.990,00",700,"0,02"
LC0C74C42T5023369,"199.990,00",700,"0,02"
LC0C74C41T5023444,"199.990,00",700,"0,02"
LC0C74C41T5021998,"199.990,00",700,"0,02"
LC0C74C42T5021816,"199.990,00",700,"0,02"
LC0C74C42T5022805,"199.990,00",700,"0,02"
LC0C74C41T5021774,"199.990,00",700,"0,02"
LC0C74C45T5023530,"199.990,00",700,"0,02"
LC0C74C45T5022331,"199.990,00",700,"0,02"
LC0C74C46T5021964,"199.990,00",700,"0,02"
LC0C74C43T5020688,"199.990,00",700,"0,02"
LC0C74C41T5021614,"199.990,00",700,"0,02"
LC0C74C46T5021107,"199.990,00",700,"0,02"
LC0C74C43T5021713,"199.990,00",700,"0,02"
LC0C74C40T5023399,"199.990,00",700,"0,02"
LC0C74C46T5021706,"199.990,00",700,"0,02"
LC0C74C40T5022995,"199.990,00",700,"0,02"
LC0C74C45T5023317,"199.990,00",700,"0,02"
LC0C74C41T5020673,"199.990,00",700,"0,02"
LC0C74C45T5022183,"199.990,00",700,"0,02"
LC0C74C46T5023052,"199.990,00",700,"0,02"
LC0C74C48T5021738,"199.990,00",700,"0,02"
LC0C74C47T5023495,"199.990,00",700,"0,02"
LC0C74C42T5021606,"199.990,00",700,"0,02"
LC0C74C42T5022335,"199.990,00",700,"0,02"
LC0C74C45T5022314,"199.990,00",700,"0,02"
LC0C74C47T5020340,"199.990,00",700,"0,02"
LC0C74C48T5020914,"199.990,00",700,"0,02"
LC0C74C46T5021088,"199.990,00",700,"0,02"
LC0C74C49T5022364,"199.990,00",700,"0,02"
LC0C74C4XT5020333,"199.990,00",700,"0,02"
LC0C74C48T5021674,"199.990,00",700,"0,02"
LC0C74C45T5021048,"199.990,00",700,"0,02"
LC0C74C44T5021090,"199.990,00",700,"0,02"
LC0C74C44T5022322,"199.990,00",700,"0,02"
LC0C74C43T5018939,"199.990,00",700,"0,02"
LC0C74C41T5023203,"199.990,00",700,"0,02"
LC0C74C46T5021852,"199.990,00",700,"0,02"
LC0C74C49T5020890,"199.990,00",700,"0,02"
LC0C74C49T5021568,"199.990,00",700,"0,02"
LC0C74C48T5023229,"199.990,00",700,"0,02"
LC0C74C4XT5021076,"199.990,00",700,"0,02"
LC0C74C49T5023238,"199.990,00",700,"0,02"
LC0C74C4XT5021031,"199.990,00",700,"0,02"
LC0C74C47T5022413,"199.990,00",700,"0,02"
LC0C74C47T5023349,"199.990,00",700,"0,02"
LC0C74C48T5022324,"199.990,00",700,"0,02"
LC0C74C47T5022380,"199.990,00",700,"0,02"
LC0C74C48T5021089,"199.990,00",700,"0,02"
LC0C74C45T5022782,"199.990,00",700,"0,02"
LC0C74C45T5021759,"199.990,00",700,"0,02"
LC0C74C45T5022085,"199.990,00",700,"0,02"
LC0C74C46T5021253,"199.990,00",700,"0,02"
LC0C74C41T5023010,"199.990,00",700,"0,02"
LC0C74C41T5023489,"199.990,00",700,"0,02"
LC0C74C42T5021637,"199.990,00",700,"0,02"
LC0C74C40T5023015,"199.990,00",700,"0,02"
LC0C74C42T5022111,"199.990,00",700,"0,02"
LC0C74C41T5021192,"199.990,00",700,"0,02"
LC0C74C42T5023372,"199.990,00",700,"0,02"
LC0C74C41T5019295,"199.990,00",700,"0,02"
LC0C74C43T5021761,"199.990,00",700,"0,02"
LC0C74C42T5021945,"199.990,00",700,"0,02"
LC0C74C47T5021066,"199.990,00",700,"0,02"
LC0C74C42T5021167,"199.990,00",700,"0,02"
LC0C74C46T5023441,"199.990,00",700,"0,02"
LC0C74C42T5022948,"199.990,00",700,"0,02"
LC0C74C47T5022332,"199.990,00",700,"0,02"
LC0C74C46T5021544,"199.990,00",700,"0,02"
LC0C74C45T5019977,"199.990,00",700,"0,02"
LC0C74C44T5021879,"199.990,00",700,"0,02"
LC0C74C44T5021851,"199.990,00",700,"0,02"
LC0C74C44T5022630,"199.990,00",700,"0,02"
LC0C74C44T5023017,"199.990,00",700,"0,02"
LC0C74C44T5022109,"199.990,00",700,"0,02"
LC0C74C41T5020690,"199.990,00",700,"0,02"
LC0C74C44T5022773,"199.990,00",700,"0,02"
LC0C74C41T5022861,"199.990,00",700,"0,02"
LC0C74C43T5021811,"199.990,00",700,"0,02"
LC0C74C41T5022584,"199.990,00",700,"0,02"
LC0C74C41T5022083,"199.990,00",700,"0,02"
LC0C74C43T5021176,"199.990,00",700,"0,02"
LC0C74C41T5021659,"199.990,00",700,"0,02"
LC0C74C47T5021486,"199.990,00",700,"0,02"
LC0C74C45T5020093,"199.990,00",700,"0,02"
LC0C74C45T5023141,"199.990,00",700,"0,02"
LC0C74C44T5022031,"199.990,00",700,"0,02"
LC0C74C44T5023163,"199.990,00",700,"0,02"
LC0C74C43T5021534,"199.990,00",700,"0,02"
LC0C74C42T5023534,"199.990,00",700,"0,02"
LC0C74C47T5022041,"199.990,00",700,"0,02"
LC0C74C48T5021559,"199.990,00",700,"0,02"
LC0C74C45T5021437,"199.990,00",700,"0,02"
LC0C74C47T5023626,"199.990,00",700,"0,02"
LC0C74C46T5022063,"199.990,00",700,"0,02"
LC0C74C43T5022196,"199.990,00",700,"0,02"
LC0C74C48T5020198,"199.990,00",700,"0,02"
LC0C74C45T5023074,"199.990,00",700,"0,02"
LC0C74C46T5019535,"199.990,00",700,"0,02"
LC0C74C46T5022953,"199.990,00",700,"0,02"
LC0C74C45T5021387,"199.990,00",700,"0,02"
LC0C74C47T5023111,"199.990,00",700,"0,02"
LC0C74C46T5021270,"199.990,00",700,"0,02"
LC0C74C44T5021509,"199.990,00",700,"0,02"
LC0C74C43T5022635,"199.990,00",700,"0,02"
LC0C74C44T5023647,"199.990,00",700,"0,02"
LC0C74C43T5023171,"199.990,00",700,"0,02"
LC0C74C47T5022587,"199.990,00",700,"0,02"
LC0C74C43T5022053,"199.990,00",700,"0,02"
LC0C74C48T5023215,"199.990,00",700,"0,02"
LC0C74C49T5021733,"199.990,00",700,"0,02"
LC0C74C4XT5020980,"199.990,00",700,"0,02"
LC0C74C4XT5020316,"199.990,00",700,"0,02"
LC0C74C44T5021056,"199.990,00",700,"0,02"
LC0C74C45T5021020,"199.990,00",700,"0,02"
LC0C74C43T5020366,"199.990,00",700,"0,02"
LC0C74C41T5023198,"199.990,00",700,"0,02"
LC0C74C48T5021402,"199.990,00",700,"0,02"
LC0C74C48T5021822,"199.990,00",700,"0,02"
LC0C76C4XT0008921,"175.990,00",700,"0,02"
LC0C76C4XT0009180,"175.990,00",700,"0,02"
LC0C76C4XT0011043,"175.990,00",700,"0,02"
LC0C76C47T0010352,"175.990,00",700,"0,02"
LC0C76C4XT0008952,"175.990,00",700,"0,02"
LC0C76C47T0011002,"175.990,00",700,"0,02"
LC0C76C4XT0010992,"175.990,00",700,"0,02"
LC0C76C4XT0009163,"175.990,00",700,"0,02"
LGXC74C40T0087355,"249.990,00",700,"0,02"
LGXC74C41T0086568,"249.990,00",700,"0,02"
LGXC74C44T0086208,"249.990,00",700,"0,02"
LGXC74C44T0087052,"249.990,00",700,"0,02"
LGXC74C43T0086653,"249.990,00",700,"0,02"
LGXC74C46T0087148,"249.990,00",700,"0,02"
LGXC74C46T0086565,"249.990,00",700,"0,02"
LGXC74C49T0086799,"249.990,00",700,"0,02"
LGXC74C46T0086808,"249.990,00",700,"0,02"
LGXC74C45T0086184,"249.990,00",700,"0,02"
LGXC74C44T0086709,"249.990,00",700,"0,02"
LGXC74C43T0086202,"249.990,00",700,"0,02"
LGXC74C40T0086772,"249.990,00",700,"0,02"
LGXC74C4XT0086763,"249.990,00",700,"0,02"
LGXC74C41T0086635,"249.990,00",700,"0,02"
LGXC74C41T0086702,"249.990,00",700,"0,02"
LGXC74C47T0087112,"249.990,00",700,"0,02"
LGXC74C43T0086183,"249.990,00",700,"0,02"
LC0CF4CD9S0002372,"426.800,00",700,"0,02"
LC0CF4CD7S0021776,"426.800,00",700,"0,02"
LC0CF4CD7S0000202,"426.800,00",700,"0,02"
LC0CF4CD5S0002353,"426.800,00",700,"0,02"
LC0CF4CD6S0022563,"426.800,00",700,"0,02"
LC0CF4CD7S0000197,"426.800,00",700,"0,02"
LC0C74C44T5019162,"199.990,00",700,"0,02"
LC0C74C44T5019128,"199.990,00",700,"0,02"
LC0C74C44T5018769,"199.990,00",700,"0,02"
LC0C74C44T5019548,"199.990,00",700,"0,02"
LC0C74C44T5019517,"199.990,00",700,"0,02"
92VC76C4XTK000603,"175.990,00",700,"0,02"
92VC76C4XTK000939,"175.990,00",700,"0,02"
92VC76C4XTK001010,"175.990,00",700,"0,02"
92VC76C40TK001050,"175.990,00",700,"0,02"
92VC76C4XTK000617,"175.990,00",700,"0,02"
92VC76C40TK000948,"175.990,00",700,"0,02"
92VC76C48TK001006,"175.990,00",700,"0,02"
92VC76C42TK000434,"175.990,00",700,"0,02"
92VC76C48TK000910,"175.990,00",700,"0,02"
92VC76C49TK001788,"175.990,00",700,"0,02"
92VC76C42TK001535,"175.990,00",700,"0,02"
92VC76C44TK001598,"175.990,00",700,"0,02"
92VC76C49TK001855,"175.990,00",700,"0,02"
92VC76C4XTK001539,"175.990,00",700,"0,02"
92VC76C49TK001631,"175.990,00",700,"0,02"
92VC76C44TK001584,"175.990,00",700,"0,02"
92VC76C48TK001085,"175.990,00",700,"0,02"
92VC76C48TK001538,"175.990,00",700,"0,02"
92VC76C48TK001779,"175.990,00",700,"0,02"
92VC76C46TK001635,"175.990,00",700,"0,02"
92VC76C45TK001108,"175.990,00",700,"0,02"
92VC76C45TK001612,"175.990,00",700,"0,02"
92VC76C42TK001552,"175.990,00",700,"0,02"
92VC76C48TK000633,"175.990,00",700,"0,02"
92VC76C48TK001054,"175.990,00",700,"0,02"
92VC76C43TK000393,"175.990,00",700,"0,02"
92VC76C40TK000562,"175.990,00",700,"0,02"
92VC76C46TK000646,"175.990,00",700,"0,02"
92VC76C40TK000982,"175.990,00",700,"0,02"
92VC76C42TK000935,"175.990,00",700,"0,02"
92VC76C40TK000898,"175.990,00",700,"0,02"
92VC76C45TK000427,"175.990,00",700,"0,02"
92VC76C4XTK002514,"175.990,00",700,"0,02"
92VC76C46TK002056,"175.990,00",700,"0,02"
92VC76C48TK002558,"175.990,00",700,"0,02"
92VC76C42TK000305,"175.990,00",700,"0,02"
92VC76C45TK002081,"175.990,00",700,"0,02"
92VC76C47TK002521,"175.990,00",700,"0,02"
92VC76C49TK002567,"175.990,00",700,"0,02"
92VC76C47TK001062,"175.990,00",700,"0,02"
92VC76C42TK000921,"175.990,00",700,"0,02"
92VC76C49TK001872,"175.990,00",700,"0,02"
92VC76C43TK001107,"175.990,00",700,"0,02"
92VC76C40TK001551,"175.990,00",700,"0,02"
92VC76C41TK001882,"175.990,00",700,"0,02"
LC0C74C40T5023466,"199.990,00",700,"0,02"
LGXCF6CD8S2002151,"249.990,00",700,"0,02"
LGXCF6CD7S2004781,"249.990,00",700,"0,02"
LGXCF6CD8S2002957,"249.990,00",700,"0,02"
LGXCF6CD9S2002160,"249.990,00",700,"0,02"
LGXCF6CD7S2004733,"249.990,00",700,"0,02"
LGXCF6CD0S2004122,"249.990,00",700,"0,02"
LGXCF6CD8S2002232,"249.990,00",700,"0,02"
LGXCF6CD0S2003939,"249.990,00",700,"0,02"
LGXCF6CD9S2004698,"249.990,00",700,"0,02"
LGXCF6CDXS2004662,"249.990,00",700,"0,02"
LGXCF6CD7S2005073,"249.990,00",700,"0,02"